model,acc,prec,rec,f1
RF_with_src_ip,1.0,1.0,1.0,1.0
RF_without_src_ip,0.9994077092563197,0.9993173637830458,0.9999068583315223,0.9996120241476171
